email,username,password
mwyles0@adobe.com,pdovydenas0,Password123!
kjiracek1@spiegel.de,mkisby1,P@ssw0rd!
hmarion2@mit.edu,mcellier2,Safe&Secure!
kbeckford3@walmart.com,dwewell3,StrongPwd1!
acrockett4@whitehouse.gov,mfranzetti4,Secure123!
aalden5@taobao.com,mmargram5,Strong@Password
aayto6@cnbc.com,gklich6,Password123!
phaste7@ucsd.edu,mtyght7,Safe&Secure!
rloosmore8@pen.io,kduffitt8,Safe&Secure!
emapledoore9@multiply.com,vpanting9,P@ssw0rd!
wtangyea@feedburner.com,sricardea,SecurePass1!
hivimeyb@google.cn,amauldenb,Secure123!
tpattersonc@tuttocitta.it,mrimesc,Password123!
gperegrined@jigsy.com,adeaned,Password123!
zhallarde@bbb.org,cwiggingtone,Strong@Password
cbernardinellif@dropbox.com,erudeforthf,Strong@Password
dmacdearmaidg@vistaprint.com,bmckimg,Strong@Password
ydellenbrookh@discovery.com,rnilandh,Secure123!
gpopplei@fc2.com,bthynnei,Safe&Secure!
otaffeej@wordpress.com,lbissj,Strong@Password
bmaccrackank@nps.gov,juttridgek,P@ssw0rd!
roconnelll@surveymonkey.com,fduckhousel,Safe&Secure!
ewilksm@skype.com,rinottm,12345!Abcd
ccaltunn@techcrunch.com,akubickin,P@ssw0rd!
rcripwello@yale.edu,cmcallastero,Password123!
dkohrdingp@java.com,kbarnwallp,StrongPwd1!
abezarraq@princeton.edu,mfoldsq,SecurePass1!
blambisr@bloglovin.com,cbeauchampr,Safe&Secure!
habatellis@hud.gov,dtrills,Safe&Secure!
trodriguezt@cam.ac.uk,jschruyert,Safe&Secure!
mmccambridgeu@sitemeter.com,lmikou,P@ssw0rd!
jjosilevichv@hhs.gov,phealeyv,Strong@Password
dkennifickw@flickr.com,dnuddw,Strong@Password
bwiltshawx@webs.com,tloughrenx,Secret@123
fsussansy@twitpic.com,glimery,Secure123!
ccasterotz@t.co,oshilstonz,P@ssw0rd!
imottley10@naver.com,mstonier10,Secret@123
cchmiel11@facebook.com,tviegas11,Secret@123
sjanota12@bbc.co.uk,mosgar12,StrongPwd1!
abrister13@boston.com,gspinage13,Secure123!
rcrowson14@devhub.com,mfernehough14,StrongPwd1!
vcrabbe15@dropbox.com,rnendick15,Secret@123
eedginton16@networkadvertising.org,grisby16,Password123!
jcrosby17@soundcloud.com,ndamerell17,12345!Abcd
crosenfelt18@ifeng.com,eewbanke18,Secure123!
aainscough19@jigsy.com,emaskall19,Secret@123
agouldthorpe1a@unblog.fr,ggranville1a,12345!Abcd
bnewbatt1b@elegantthemes.com,aflarity1b,Secret@123
sjedrzejewski1c@bing.com,shalewood1c,12345!Abcd
bmacquire1d@intel.com,rjezzard1d,P@ssw0rd!
mlenz1e@nsw.gov.au,bchapelhow1e,SecurePass1!
ymacgahey1f@marriott.com,rackerman1f,12345!Abcd
meseler1g@hhs.gov,jciottoi1g,Secret@123
alardeux1h@smugmug.com,slinguard1h,12345!Abcd
pscolding1i@msn.com,apappi1i,1234!Abcd
cbennallck1j@t.co,shauxley1j,Secure123!
vavery1k@wix.com,hpershouse1k,Password123!
aswayte1l@hibu.com,gjanoch1l,Secure123!
cpape1m@sciencedirect.com,achildes1m,SecurePass1!
aashpital1n@freewebs.com,kquarmby1n,1234!Abcd
gfadell1o@guardian.co.uk,nmarples1o,StrongPwd1!
eotowey1p@php.net,pbishop1p,Secure123!
mledamun1q@cmu.edu,jguillerman1q,Password123!
ositford1r@go.com,mmosdell1r,1234!Abcd
kmcgrah1s@blog.com,gkinder1s,Secret@123
rcoton1t@bloomberg.com,jsweeting1t,Secure123!
jmccaughey1u@pbs.org,cpaulisch1u,12345!Abcd
edashkov1v@example.com,pstollard1v,1234!Abcd
bmucklo1w@flavors.me,dmoggach1w,P@ssw0rd!
rmcentee1x@globo.com,ghudless1x,StrongPwd1!
dgenn1y@gmpg.org,mcaisley1y,Password123!
scarradice1z@army.mil,jventris1z,12345!Abcd
jpeyro20@scientificamerican.com,vaynold20,SecurePass1!
jvallentin21@techcrunch.com,egoodwill21,StrongPwd1!
lrunge22@quantcast.com,mlerigo22,Safe&Secure!
lscrowson23@sbwire.com,gflintiff23,1234!Abcd
klednor24@wordpress.com,edomingues24,P@ssw0rd!
kclemenzo25@slashdot.org,tbosman25,StrongPwd1!
lbergeau26@altervista.org,ftilby26,SecurePass1!
mguyonnet27@usatoday.com,ehenriques27,StrongPwd1!
lpaszak28@deliciousdays.com,bbiasetti28,Password123!
wbartley29@nps.gov,jgatchell29,P@ssw0rd!
gmacey2a@indiatimes.com,cianitti2a,Strong@Password
dshrieves2b@domainmarket.com,mlabarre2b,Secret@123
kohengerty2c@reference.com,hbuttfield2c,1234!Abcd
lpetherick2d@ted.com,wviney2d,Password123!
uvarrow2e@themeforest.net,lsheeran2e,Strong@Password
njzhakov2f@blogs.com,fmounsey2f,P@ssw0rd!
rthirwell2g@cbsnews.com,alehrian2g,Secret@123
eshelvey2h@samsung.com,ckighly2h,Secret@123
vcoolican2i@businesswire.com,noffin2i,StrongPwd1!
fmorby2j@whitehouse.gov,tthibodeaux2j,Password123!
cstiffell2k@independent.co.uk,rburges2k,Safe&Secure!
mjuorio2l@cpanel.net,lmcquorkel2l,Secret@123
rblanshard2m@cmu.edu,woferris2m,P@ssw0rd!
lcolton2n@privacy.gov.au,somond2n,P@ssw0rd!
tgrabbam2o@vk.com,twheelton2o,Secret@123
bavraam2p@chicagotribune.com,ktilmouth2p,P@ssw0rd!
dksandra2q@t-online.de,fcollingham2q,SecurePass1!
snevinson2r@wikispaces.com,vschonfelder2r,Password123!
adrakeford2s@paginegialle.it,fbispo2s,StrongPwd1!
kreubbens2t@marriott.com,hpaske2t,Secret@123
gpostgate2u@examiner.com,mlearman2u,StrongPwd1!
kmowsdale2v@forbes.com,kcolloby2v,StrongPwd1!
brising2w@buzzfeed.com,bcullum2w,StrongPwd1!
fseiler2x@reuters.com,mrolley2x,Secure123!
csarjent2y@indiegogo.com,hpinwill2y,1234!Abcd
vgomez2z@reverbnation.com,cmcgawn2z,Strong@Password
atoten30@yale.edu,ocorro30,Secret@123
wdemicoli31@ihg.com,wpay31,1234!Abcd
wmeasen32@netlog.com,twharmby32,12345!Abcd
lchillingsworth33@upenn.edu,ftrehearn33,1234!Abcd
nfrankiss34@woothemes.com,tmalby34,Secret@123
wduchart35@hubpages.com,scare35,P@ssw0rd!
hkeener36@europa.eu,kbolsover36,Secure123!
jrichten37@quantcast.com,tgrandison37,Password123!
jnannizzi38@bravesites.com,wmarrows38,Secure123!
vschwier39@mozilla.org,gdiboll39,Secret@123
eriddock3a@salon.com,bbrydie3a,Password123!
wgrieger3b@typepad.com,ncadlock3b,1234!Abcd
giglesia3c@edublogs.org,cstanyer3c,SecurePass1!
nfatscher3d@archive.org,bklainer3d,Secure123!
lcino3e@bigcartel.com,tblackborow3e,P@ssw0rd!
dfinley3f@weibo.com,eainge3f,Safe&Secure!
hbatchelor3g@cargocollective.com,rrounding3g,Secret@123
syushkin3h@hp.com,apeery3h,P@ssw0rd!
jpurchall3i@time.com,mbrash3i,StrongPwd1!
cfyldes3j@google.es,sspadollini3j,Secure123!
scino3k@acquirethisname.com,lcampione3k,Password123!
lwellbank3l@rakuten.co.jp,chabishaw3l,Password123!
rendecott3m@sakura.ne.jp,lvahey3m,Safe&Secure!
fkenn3n@skype.com,ljaffra3n,12345!Abcd
kpringley3o@slate.com,bziemen3o,Password123!
wbeadham3p@time.com,predemile3p,Secret@123
spayler3q@domainmarket.com,sculbard3q,Password123!
mfreezer3r@bing.com,wnaisby3r,StrongPwd1!
dliveley3s@bloomberg.com,tconelly3s,12345!Abcd
jkesey3t@zdnet.com,mbrann3t,P@ssw0rd!
dklemencic3u@wiley.com,ucasement3u,Secure123!
rkingzett3v@toplist.cz,cgosby3v,Strong@Password
csamples3w@e-recht24.de,pblessed3w,Strong@Password
mkryzhov3x@engadget.com,amithon3x,StrongPwd1!
cklemz3y@shinystat.com,prude3y,Password123!
wpeake3z@baidu.com,hriccardi3z,StrongPwd1!
dheddon40@drupal.org,mdivisek40,SecurePass1!
ncrebbin41@fc2.com,msarfatti41,1234!Abcd
mmacari42@wikispaces.com,bdowson42,P@ssw0rd!
gheindrich43@networkadvertising.org,kferrandez43,SecurePass1!
asuggate44@taobao.com,abridges44,SecurePass1!
bskates45@1688.com,ayoull45,1234!Abcd
vlarraway46@google.es,igrindall46,Safe&Secure!
mratnage47@blogs.com,vgricewood47,Safe&Secure!
jubee48@github.com,camyes48,SecurePass1!
hjouen49@chronoengine.com,bgurden49,StrongPwd1!
anielson4a@state.tx.us,mdelgua4a,StrongPwd1!
chounsom4b@paginegialle.it,ufleay4b,Secret@123
lduchateau4c@ebay.co.uk,dmisson4c,Secure123!
mmchale4d@blog.com,tpersicke4d,StrongPwd1!
lyvon4e@alexa.com,llehon4e,1234!Abcd
ogosalvez4f@theatlantic.com,dlots4f,Strong@Password
kbarbosa4g@state.tx.us,tbuyers4g,Strong@Password
mgirodon4h@hugedomains.com,dgwillim4h,SecurePass1!
rramsbotham4i@posterous.com,jforsaith4i,Secure123!
flaxon4j@a8.net,bbrusle4j,Safe&Secure!
cbeneze4k@discuz.net,hmcimmie4k,StrongPwd1!
sstearne4l@dailymail.co.uk,sdjekic4l,Secret@123
ssansome4m@amazon.co.jp,chuddy4m,Secret@123
spierri4n@timesonline.co.uk,gcolegate4n,Safe&Secure!
cbrandsma4o@prlog.org,kianniello4o,Password123!
bbrinson4p@discuz.net,mdaouze4p,SecurePass1!
cheinert4q@illinois.edu,cdamerell4q,Safe&Secure!
lawton4r@nih.gov,acordell4r,12345!Abcd
ggilmore4s@ca.gov,gbulfit4s,Password123!
mstilliard4t@deviantart.com,bwherton4t,P@ssw0rd!
agirod4u@tamu.edu,massandri4u,Secret@123
croscow4v@sfgate.com,cskirrow4v,Secure123!
kvaissiere4w@pagesperso-orange.fr,rcenter4w,Password123!
kfilip4x@edublogs.org,tfrarey4x,Secret@123
rperon4y@xing.com,mmarron4y,Secret@123
cdinsmore4z@simplemachines.org,smarriot4z,Strong@Password
dslater50@canalblog.com,bmalin50,1234!Abcd
bschuricht51@sbwire.com,uhollow51,Safe&Secure!
skerrich52@tmall.com,hknibb52,12345!Abcd
tmorrott53@sciencedaily.com,earkow53,Password123!
tdive54@hugedomains.com,bpyott54,1234!Abcd
fiacabucci55@paginegialle.it,ashackesby55,SecurePass1!
wklessmann56@guardian.co.uk,ltolhurst56,12345!Abcd
mwotherspoon57@tmall.com,copenshaw57,SecurePass1!
cdrain58@hibu.com,apettigree58,1234!Abcd
mvigneron59@webnode.com,prosenbusch59,1234!Abcd
thildrew5a@amazon.co.jp,gdoring5a,Secure123!
lbrazier5b@nyu.edu,xbowkley5b,Strong@Password
ebuxey5c@ucoz.com,mfradgley5c,StrongPwd1!
brizzello5d@bandcamp.com,grings5d,Safe&Secure!
kdehn5e@devhub.com,hleeson5e,12345!Abcd
foneile5f@ocn.ne.jp,dhehnke5f,12345!Abcd
djehaes5g@berkeley.edu,nlangrick5g,Secret@123
ebenoy5h@jiathis.com,wroskell5h,Strong@Password
cberthome5i@slideshare.net,vdenne5i,Password123!
jgullis5j@psu.edu,aockleshaw5j,12345!Abcd
dkinlock5k@senate.gov,jendrighi5k,1234!Abcd
wvine5l@eventbrite.com,egreensted5l,Safe&Secure!
ayoung5m@tmall.com,nbotfield5m,Secure123!
kkettlewell5n@printfriendly.com,hlacey5n,1234!Abcd
imitton5o@ed.gov,scornelleau5o,Strong@Password
lklyner5p@tripod.com,ssanto5p,Safe&Secure!
lrolfini5q@nih.gov,mdencs5q,StrongPwd1!
nfennell5r@opera.com,dgabbotts5r,12345!Abcd
egravett5s@usa.gov,ybamlet5s,Safe&Secure!
kzammitt5t@home.pl,wpedroli5t,Secure123!
cweinberg5u@newyorker.com,ggreed5u,1234!Abcd
dgepheart5v@microsoft.com,bgooderham5v,P@ssw0rd!
afouldes5w@cnn.com,rpighills5w,Strong@Password
scharter5x@altervista.org,nkremer5x,Secret@123
mchinnery5y@nhs.uk,mwinterbotham5y,SecurePass1!
cbarnby5z@howstuffworks.com,cfraser5z,Secret@123
bveldstra60@ning.com,mivachyov60,Secure123!
rriding61@twitpic.com,lconcklin61,Strong@Password
jrobiot62@meetup.com,bpresshaugh62,Strong@Password
kdefreitas63@sina.com.cn,cjado63,P@ssw0rd!
lstrete64@creativecommons.org,warsnell64,Strong@Password
rredley65@51.la,dsouthernwood65,Secure123!
mbasnall66@dyndns.org,nperkis66,Safe&Secure!
rmcgaw67@slashdot.org,pcicerone67,Secure123!
nalesi68@mayoclinic.com,tsellick68,1234!Abcd
rpanketh69@economist.com,cedgeller69,1234!Abcd
gollive6a@businesswire.com,bpumfrey6a,SecurePass1!
rpaz6b@istockphoto.com,gbester6b,SecurePass1!
bmirfield6c@pbs.org,fdelavaletteparisot6c,12345!Abcd
gfrankling6d@dailymail.co.uk,rheaton6d,Safe&Secure!
gvedeshkin6e@hud.gov,nbooth6e,P@ssw0rd!
ghearsey6f@mlb.com,spidon6f,StrongPwd1!
lkearton6g@dmoz.org,amoulton6g,Secure123!
iandreone6h@nba.com,ffarmar6h,Strong@Password
bgregr6i@usnews.com,ewixey6i,SecurePass1!
rtoppin6j@theglobeandmail.com,mskeermor6j,SecurePass1!
ocharnley6k@vistaprint.com,msimes6k,P@ssw0rd!
cangel6l@usgs.gov,apawels6l,P@ssw0rd!
dreeman6m@trellian.com,gvenediktov6m,Strong@Password
hkaliszewski6n@lycos.com,cpim6n,Password123!
ijordan6o@webnode.com,amattisssen6o,Safe&Secure!
jandrich6p@toplist.cz,ngauvain6p,Secure123!
dlocard6q@addthis.com,gcord6q,12345!Abcd
jswires6r@discuz.net,pwale6r,1234!Abcd
elody6s@elpais.com,kantliff6s,Safe&Secure!
rschiesterl6t@barnesandnoble.com,ngabbett6t,Password123!
dbohea6u@eepurl.com,bdafydd6u,Strong@Password
ahawgood6v@typepad.com,syateman6v,Strong@Password
bevans6w@w3.org,emorl6w,Password123!
sdraye6x@apple.com,sblais6x,1234!Abcd
gdoman6y@purevolume.com,kburgis6y,StrongPwd1!
nhooke6z@aboutads.info,mgarlicke6z,1234!Abcd
nloosley70@comcast.net,batwel70,Secret@123
jchampney71@aboutads.info,markill71,1234!Abcd
rskym72@nifty.com,slovart72,P@ssw0rd!
ibarwack73@comcast.net,wkunkler73,SecurePass1!
heady74@seesaa.net,mirlam74,SecurePass1!
lkender75@howstuffworks.com,lhasty75,Password123!
mlikly76@163.com,hflancinbaum76,SecurePass1!
cfeuell77@surveymonkey.com,svarnals77,P@ssw0rd!
mtheuss78@npr.org,ffeore78,StrongPwd1!
ccurnokk79@zimbio.com,wfrondt79,SecurePass1!
twolfart7a@msu.edu,cneathway7a,Secret@123
zkeymer7b@jalbum.net,boldmeadow7b,Secure123!
iduck7c@mozilla.com,wclemenzo7c,Secure123!
cchazelas7d@narod.ru,vharrald7d,SecurePass1!
ncrofts7e@bandcamp.com,vkalb7e,12345!Abcd
jponte7f@noaa.gov,bfrazer7f,SecurePass1!
sstopford7g@nydailynews.com,fincogna7g,Password123!
cbartosiak7h@eventbrite.com,doury7h,SecurePass1!
wseyffert7i@mit.edu,sortmann7i,SecurePass1!
dbavin7j@oakley.com,tkiessel7j,StrongPwd1!
bbothbie7k@elpais.com,tlehrer7k,Secure123!
mhorwell7l@bloomberg.com,fboc7l,12345!Abcd
obaudino7m@dagondesign.com,kpeckitt7m,P@ssw0rd!
jbullas7n@cloudflare.com,bnormand7n,SecurePass1!
avann7o@sbwire.com,slowndes7o,12345!Abcd
uleverage7p@studiopress.com,jmallya7p,Secure123!
cramalhete7q@jalbum.net,scasero7q,1234!Abcd
sgrestye7r@microsoft.com,adempster7r,Strong@Password
dswiers7s@4shared.com,cilles7s,SecurePass1!
hsandham7t@wikia.com,lforrest7t,SecurePass1!
bstrowthers7u@t-online.de,jpostance7u,SecurePass1!
ahoudhury7v@msn.com,fwimsett7v,Strong@Password
cfairtlough7w@lulu.com,beitter7w,SecurePass1!
jcains7x@europa.eu,vquinion7x,StrongPwd1!
mjacques7y@marriott.com,rcubbino7y,Safe&Secure!
cpetrelli7z@flickr.com,ashiliton7z,P@ssw0rd!
gbrammall80@eepurl.com,bkores80,SecurePass1!
dbrosh81@cbc.ca,cgarron81,1234!Abcd
kfullbrook82@gravatar.com,jhartus82,1234!Abcd
ptrenouth83@mac.com,gcrosetti83,SecurePass1!
acoggeshall84@eepurl.com,btejero84,StrongPwd1!
jkearford85@mozilla.com,ddouthwaite85,P@ssw0rd!
cgateland86@hostgator.com,urosiello86,StrongPwd1!
cklemt87@xrea.com,imyhan87,1234!Abcd
rhumpage88@moonfruit.com,atomasi88,1234!Abcd
vbuessen89@ihg.com,dsurgeon89,StrongPwd1!
mgabbitas8a@sciencedirect.com,ghursthouse8a,StrongPwd1!
pnewvill8b@msu.edu,tcoleyshaw8b,12345!Abcd
cscripture8c@phpbb.com,hcotmore8c,SecurePass1!
mgromley8d@cocolog-nifty.com,gfebre8d,StrongPwd1!
averdie8e@dailymotion.com,mcanto8e,Password123!
dshort8f@yahoo.com,tgurton8f,Secure123!
kkinson8g@scribd.com,cbendell8g,12345!Abcd
fbaudry8h@arizona.edu,torritt8h,Password123!
amcmeeking8i@topsy.com,lblackman8i,12345!Abcd
aead8j@unesco.org,rspillman8j,Strong@Password
gregis8k@mozilla.com,ejindrak8k,Safe&Secure!
lgrigoriev8l@multiply.com,fmoyce8l,12345!Abcd
dengelbrecht8m@npr.org,mvandriel8m,12345!Abcd
fthring8n@posterous.com,ctrayte8n,Safe&Secure!
orubery8o@theatlantic.com,cgrzeszczak8o,Password123!
nezzle8p@home.pl,fleivesley8p,StrongPwd1!
hlapping8q@chron.com,lfrensch8q,Password123!
lpellingar8r@deliciousdays.com,bcheke8r,1234!Abcd
tluis8s@washington.edu,rohagirtie8s,Secure123!
ctenny8t@deliciousdays.com,afrondt8t,Password123!
temmer8u@latimes.com,tpeterffy8u,P@ssw0rd!
ghayen8v@discovery.com,abradder8v,12345!Abcd
hsanbrook8w@twitter.com,vderuggero8w,Secure123!
mwaadenburg8x@cmu.edu,kredmain8x,Secure123!
areddihough8y@phoca.cz,fscaice8y,1234!Abcd
tcultcheth8z@answers.com,sfittall8z,Secure123!
dbudgey90@sourceforge.net,fdelamere90,Strong@Password
lbarmadier91@pen.io,ahabbershon91,Secure123!
pborthe92@bbb.org,zwickersham92,SecurePass1!
dwise93@tripadvisor.com,fblabber93,SecurePass1!
pjanczewski94@163.com,jcastro94,SecurePass1!
lartindale95@icq.com,dfoyster95,StrongPwd1!
tmynett96@globo.com,aedgeler96,Secret@123
lmcgirr97@netscape.com,vkingsworth97,1234!Abcd
mburns98@newsvine.com,tneads98,SecurePass1!
wdaspar99@sun.com,hternouth99,Strong@Password
mtaverner9a@msu.edu,ccropton9a,StrongPwd1!
mkopps9b@bloglovin.com,mmyles9b,Strong@Password
wpoleykett9c@sitemeter.com,gchese9c,1234!Abcd
hwhistlecraft9d@state.tx.us,gmeeke9d,Safe&Secure!
hphilipeaux9e@vk.com,ggudge9e,P@ssw0rd!
rmauro9f@berkeley.edu,cfleischer9f,P@ssw0rd!
omoles9g@wordpress.com,rthorntondewhirst9g,SecurePass1!
mikringill9h@addtoany.com,smayler9h,Password123!
awindaybank9i@seesaa.net,gdewdney9i,1234!Abcd
tgentreau9j@squidoo.com,melis9j,12345!Abcd
bfranzewitch9k@ocn.ne.jp,mguerrin9k,Safe&Secure!
nwhetland9l@vinaora.com,esolomonides9l,Secure123!
vmower9m@gov.uk,gchartman9m,Password123!
cgogerty9n@fema.gov,esackett9n,Secure123!
jsellick9o@usa.gov,winder9o,Password123!
mhowitt9p@nsw.gov.au,pfeacham9p,1234!Abcd
whamner9q@naver.com,bpaoloni9q,SecurePass1!
cpopeley9r@devhub.com,mkreber9r,Safe&Secure!
csmart9s@mozilla.com,ssamber9s,Secret@123
stamblingson9t@blogspot.com,jkempston9t,Strong@Password
cbonnin9u@fema.gov,jwinskill9u,Password123!
bcoldham9v@clickbank.net,jewbanks9v,Secure123!
lcoulsen9w@reverbnation.com,csteen9w,Strong@Password
machrameev9x@usatoday.com,ceastbrook9x,Secure123!
modunniom9y@wired.com,amora9y,Safe&Secure!
cvennard9z@slate.com,loscanlan9z,Secret@123
gozeltona0@bbc.co.uk,bwrothama0,Safe&Secure!
bdeetcha1@angelfire.com,galpa1,Safe&Secure!
eigoa2@qq.com,cducharta2,Secret@123
crodgiera3@uiuc.edu,cburla3,12345!Abcd
steaza4@usa.gov,bpickthorna4,Safe&Secure!
rraita5@symantec.com,ofisona5,1234!Abcd
flinkletera6@ezinearticles.com,crawlisona6,1234!Abcd
jwhitfielda7@tiny.cc,jnijsa7,Secret@123
jesgatea8@sakura.ne.jp,elaurencea8,Password123!
msilverlocka9@dot.gov,scharka9,Secret@123
adiklesaa@sun.com,ccaddickaa,1234!Abcd
mscawtonab@mozilla.org,dcotteab,Password123!
csigsworthac@latimes.com,pbonerac,Secret@123
kwoolastonad@diigo.com,egowersad,Secret@123
svanderbaarenae@tripod.com,cswyndleyae,P@ssw0rd!
spitoneaf@auda.org.au,nfontanetaf,1234!Abcd
dgreenardag@yahoo.co.jp,gfoggoag,Safe&Secure!
cwrefordah@cisco.com,mslucockah,StrongPwd1!
jgeffcockai@seesaa.net,thintzerai,Secret@123
dsindenaj@ehow.com,mlethbridgeaj,Secret@123
igarretsonak@seattletimes.com,mproudlerak,12345!Abcd
gtyeral@aboutads.info,fpopplestonal,Secret@123
eblasliam@hubpages.com,rmenaultam,1234!Abcd
bhysoman@wordpress.com,jfrissellan,StrongPwd1!
sbirtwellao@list-manage.com,jscardefieldao,Safe&Secure!
eabrahamsohnap@zimbio.com,ggeldertap,Strong@Password
pwasielaq@instagram.com,kdavittiaq,Safe&Secure!
agirardyar@squarespace.com,rmacadiear,Secret@123
twilesas@digg.com,pblazewskias,Safe&Secure!
codugganat@list-manage.com,avasyushkhinat,Secure123!
nlabuschau@posterous.com,tshakspeareau,P@ssw0rd!
cparnellav@ucoz.ru,vnolteav,StrongPwd1!
cbraveyaw@unc.edu,gendicottaw,StrongPwd1!
igoudaax@wsj.com,gmazellaax,Safe&Secure!
mdulenay@studiopress.com,mrisebroway,StrongPwd1!
kwarehamaz@theatlantic.com,smuffordaz,Strong@Password
ccosbeeb0@psu.edu,lseamerb0,Strong@Password
mkimmelb1@abc.net.au,fwykeb1,Safe&Secure!
dlahiffb2@umich.edu,cavramowb2,StrongPwd1!
cwindramb3@ask.com,hgilsonb3,12345!Abcd
smichelb4@barnesandnoble.com,jpalfrieb4,SecurePass1!
jvedntyevb5@blogspot.com,slighternessb5,Password123!
kgrainb6@ucoz.ru,bfeighryb6,Secure123!
gdanielutb7@4shared.com,anorburyb7,Secret@123
jwaggittb8@businessinsider.com,amccafferkyb8,Secret@123
lcordallb9@sphinn.com,dsiselandb9,P@ssw0rd!
lheinoba@odnoklassniki.ru,trosenbuschba,1234!Abcd
storettabb@deliciousdays.com,djakoubekbb,Secure123!
abullenbc@purevolume.com,dridleybc,Safe&Secure!
msparrybd@booking.com,aholburnbd,P@ssw0rd!
kditchettbe@reverbnation.com,fforthbe,Strong@Password
mwandbf@sitemeter.com,dlimprechtbf,P@ssw0rd!
dsherabg@freewebs.com,kmangenotbg,1234!Abcd
qmckeachiebh@cyberchimps.com,alewsonbh,12345!Abcd
jsissonbi@slate.com,rfoxhallbi,Password123!
epesselbj@amazonaws.com,lwincombj,StrongPwd1!
etrevainbk@oracle.com,ltedorenkobk,Secure123!
ahandsheartbl@etsy.com,sfeenanbl,StrongPwd1!
tgrattonbm@engadget.com,hcokebm,StrongPwd1!
djacksbn@yellowbook.com,mmozzinibn,Secret@123
tfarnworthbo@umn.edu,pjosephbo,Safe&Secure!
jchestlebp@flickr.com,bboncoeurbp,Strong@Password
rlinkleterbq@imageshack.us,blairdcraigbq,Secure123!
edechellebr@ca.gov,eedmottbr,Secure123!
rszymonwiczbs@yelp.com,jframebs,Secret@123
gfodenbt@go.com,hrentzbt,Secret@123
tdickybu@wordpress.org,hmcneachtainbu,P@ssw0rd!
pladelbv@google.ca,hhazleybv,Safe&Secure!
ckleiselbw@ning.com,edunbobbinbw,Safe&Secure!
ttuckerbx@issuu.com,sgowlandbx,P@ssw0rd!
bpayeby@shop-pro.jp,cpuckerby,Secure123!
jheersbz@netvibes.com,sbanthambz,SecurePass1!
mstattonc0@usda.gov,lputtonc0,SecurePass1!
rvakhoninc1@unicef.org,akilmartinc1,StrongPwd1!
cshaughnessyc2@ow.ly,mplowellc2,StrongPwd1!
fshevlanc3@clickbank.net,hwiltshirec3,12345!Abcd
esellstromc4@ow.ly,ccassidyc4,Secure123!
bfieldsendc5@cbsnews.com,lcurromc5,Secure123!
pgergec6@si.edu,mchaudhryc6,Secure123!
adillandc7@uol.com.br,kwinsburyc7,1234!Abcd
ptingeyc8@indiatimes.com,wdonativoc8,Secret@123
sortellsc9@blogspot.com,gdeakinsc9,Strong@Password
ydaviesca@soundcloud.com,nmaymanca,SecurePass1!
ysharplingcb@prweb.com,lscadingcb,12345!Abcd
bmeeuscc@yolasite.com,bloughneycc,1234!Abcd
lchinnickcd@wsj.com,lgiorgionicd,12345!Abcd
jschwierce@hatena.ne.jp,jwattinsce,StrongPwd1!
mgannycf@angelfire.com,bpeerlesscf,Secure123!
dcristofaninicg@feedburner.com,scrumpecg,StrongPwd1!
grojch@nsw.gov.au,dcaddensch,12345!Abcd
mdingsdaleci@xinhuanet.com,gtippettci,P@ssw0rd!
telycj@tiny.cc,cbeumantcj,P@ssw0rd!
dlintonck@oracle.com,lianizzick,1234!Abcd
foxbiecl@disqus.com,jbarkwaycl,SecurePass1!
rguyetcm@cyberchimps.com,tkanecm,12345!Abcd
bmariottecn@vinaora.com,kdeakancn,Strong@Password
mcaterco@vinaora.com,cantognazzico,Safe&Secure!
icaselycp@cisco.com,ldruhancp,Password123!
fmackenziecq@netvibes.com,dblumsoncq,Secret@123
jsentinellacr@europa.eu,bdavidsencr,Strong@Password
gwreakcs@booking.com,eolescs,Strong@Password
wbrickwoodct@buzzfeed.com,dedbrookect,Secret@123
jmacrorycu@psu.edu,tjolliffcu,Strong@Password
dkelsoncv@list-manage.com,randerssoncv,P@ssw0rd!
asteelycw@quantcast.com,ofurzercw,1234!Abcd
jabbesscx@state.tx.us,msaziocx,12345!Abcd
bbenardcy@miibeian.gov.cn,gdrewellcy,P@ssw0rd!
cpetriellocz@goo.ne.jp,vkopacekcz,Safe&Secure!
tfayerbrotherd0@flavors.me,apunchardd0,Password123!
mtweded1@cisco.com,wcarnachend1,Secret@123
cfulbrookd2@about.me,wpelcheurd2,Password123!
dpepperdd3@imageshack.us,gtomeid3,12345!Abcd
jnealyd4@ycombinator.com,equinnetted4,Strong@Password
gdockrilld5@slideshare.net,dtungayd5,P@ssw0rd!
bjagielskid6@simplemachines.org,rgraemed6,12345!Abcd
tmacnellyd7@dedecms.com,mbussyd7,SecurePass1!
ccalbaithed8@woothemes.com,qdebowd8,12345!Abcd
gplowsd9@un.org,fhundleyd9,12345!Abcd
rrumensda@pbs.org,lzimada,StrongPwd1!
bcaesmansdb@instagram.com,erosenscheindb,12345!Abcd
hhourahandc@nytimes.com,hbartalinidc,Strong@Password
ckieransdd@usatoday.com,jwhebelldd,P@ssw0rd!
flindblomde@bluehost.com,cclemmeyde,Secret@123
kguidettidf@google.co.jp,oayresdf,Secure123!
etallowindg@dagondesign.com,acomelinidg,SecurePass1!
perskindh@dyndns.org,pburtondh,Safe&Secure!
bmacduffdi@networksolutions.com,bcoutharddi,Safe&Secure!
bgosnelldj@who.int,fbrahmerdj,P@ssw0rd!
gridedk@examiner.com,flanyondk,Strong@Password
mransleydl@state.gov,egoshawkdl,Secret@123
acolletedm@sitemeter.com,rcarpdm,1234!Abcd
abonindn@jigsy.com,kpiscullidn,1234!Abcd
cscotchforddo@abc.net.au,ashyramdo,Secure123!
tfinandp@e-recht24.de,wtomczynskidp,SecurePass1!
mplacidodq@tinyurl.com,kbussonsdq,12345!Abcd
nberanekdr@histats.com,fneillydr,1234!Abcd
drobeirods@sitemeter.com,ckimblyds,Password123!
lfoarddt@networksolutions.com,dgreendaledt,Password123!
nsinnockdu@twitter.com,tbirkenheaddu,StrongPwd1!
aliddingtondv@blog.com,lsisleydv,Password123!
fsnowdw@dagondesign.com,hnewcomendw,Password123!
jtowrissdx@mac.com,ldrysdalldx,12345!Abcd
btackdy@simplemachines.org,mfinkledy,Secure123!
jlinzeedz@eepurl.com,kholworthdz,Strong@Password
opabste0@hugedomains.com,evankine0,Safe&Secure!
msandforde1@tuttocitta.it,acornewalle1,Password123!
tgoldstone2@huffingtonpost.com,dtrehere2,P@ssw0rd!
sdiggere3@angelfire.com,echaineye3,P@ssw0rd!
gburkmane4@ustream.tv,alaxtonnee4,SecurePass1!
jkeenore5@godaddy.com,cwallagee5,Secret@123
gcoldicotte6@unicef.org,msmallmane6,Password123!
aupshalle7@nih.gov,rdenizete7,Secret@123
agreetlande8@dell.com,lsaladine8,Safe&Secure!
srozete9@deliciousdays.com,lspontone9,12345!Abcd
hdymickea@accuweather.com,karnallea,Password123!
adikelineb@nhs.uk,ckickeb,StrongPwd1!
einsealec@un.org,lmorseyec,Strong@Password
cheinsiused@vimeo.com,msixsmithed,Safe&Secure!
dbullockeee@seattletimes.com,phalstonee,Safe&Secure!
msnailhamef@behance.net,aavesef,StrongPwd1!
rfarquareg@auda.org.au,mdowneyeg,Secret@123
calgoreeh@goodreads.com,ysheldrakeeh,12345!Abcd
hcritchlowei@ocn.ne.jp,alucksei,1234!Abcd
edriversej@quantcast.com,aeastmondej,Safe&Secure!
ahasnneyek@microsoft.com,sprattenek,Safe&Secure!
vlimprechtel@macromedia.com,asiselandel,1234!Abcd
brhymesem@dmoz.org,tbarehamem,12345!Abcd
tloughnanen@geocities.com,lbaudassoen,Safe&Secure!
mshoebrookeo@wired.com,achootereo,SecurePass1!
fthumimep@woothemes.com,jhunnep,SecurePass1!
gpallaseq@w3.org,jduddingeq,Secret@123
jdartoner@nsw.gov.au,lokeer,Strong@Password
ihaningtones@github.com,camayaes,StrongPwd1!
jcafferkyet@joomla.org,mciciuraet,12345!Abcd
lbroszkiewiczeu@ycombinator.com,nvallantineeu,1234!Abcd
skettlestingev@cbsnews.com,msimesev,Strong@Password
cvanleeuwenew@twitpic.com,mdoveew,Safe&Secure!
wclowneyex@merriam-webster.com,vduckelsex,12345!Abcd
ljacqueminetey@google.nl,tsinyardey,Secret@123
ocharityez@si.edu,gciculloez,Strong@Password
apratorf0@usa.gov,fcawoodf0,Strong@Password
hgrimmertf1@salon.com,dpicknettf1,Password123!
cwilmanf2@domainmarket.com,lgoriolif2,SecurePass1!
jmullesf3@goodreads.com,atelferf3,Safe&Secure!
gpovahf4@squidoo.com,achilcottef4,Password123!
mwayf5@rakuten.co.jp,abroyf5,1234!Abcd
cmulqueenyf6@cdbaby.com,vbleif6,Strong@Password
rdebruijnf7@facebook.com,widelf7,SecurePass1!
jslatterf8@apache.org,mgloverf8,P@ssw0rd!
rgarfootf9@dot.gov,handrissf9,Secret@123
lduligalfa@hp.com,cguyerfa,Secret@123
mnansonfb@oracle.com,mschurigfb,1234!Abcd
aquiddingtonfc@ted.com,dstudartfc,SecurePass1!
hhalegarthfd@phpbb.com,ptrewarthafd,P@ssw0rd!
tespinosfe@wired.com,cbowskillfe,Secret@123
obaddamff@hao123.com,shawkyensff,1234!Abcd
gdrewsfg@ihg.com,rmcguinleyfg,Secret@123
tmoncktonfh@tripod.com,acottillfh,12345!Abcd
aholmesfi@imgur.com,jakesterfi,1234!Abcd
sohagertyfj@google.com,tyewmanfj,Strong@Password
cesterbrookfk@netscape.com,mjewittfk,StrongPwd1!
dtottmanfl@photobucket.com,lsharrierfl,Password123!
cbaudinellifm@ucsd.edu,srouchyfm,SecurePass1!
gmingardifn@freewebs.com,cwaldockefn,P@ssw0rd!
skeerfo@google.de,edanilewiczfo,Safe&Secure!
olimbournefp@earthlink.net,cgreguolfp,StrongPwd1!
efredianifq@apple.com,toldingfq,P@ssw0rd!
doakenfieldfr@businessinsider.com,bstorrarfr,Safe&Secure!
pgumaryfs@dot.gov,dossultonfs,SecurePass1!
cbreederft@mac.com,ltavnerft,Safe&Secure!
rturevillefu@godaddy.com,rlomenfu,P@ssw0rd!
rlloydwilliamsfv@cargocollective.com,cpeintonfv,Secret@123
smcpikefw@storify.com,spurchasefw,Strong@Password
lgildersfx@lycos.com,jpassionfx,P@ssw0rd!
abatyfy@dailymotion.com,sportwainfy,Secret@123
jstiegersfz@yellowbook.com,eanneyfz,12345!Abcd
ehenderg0@pen.io,jpiddockeg0,1234!Abcd
jklewig1@google.com,hhalfhydeg1,Secure123!
jdodingg2@hugedomains.com,rsouthcombg2,Password123!
wstocking3@nydailynews.com,wkillelayg3,Secret@123
rlewtyg4@cbslocal.com,kallcorng4,P@ssw0rd!
pkinnettg5@bandcamp.com,takredg5,P@ssw0rd!
tdoggrellg6@prlog.org,agearingg6,Safe&Secure!
ccoong7@google.es,bdurbanng7,1234!Abcd
sawcoateg8@a8.net,mbotleyg8,Password123!
ctollitg9@cbc.ca,dandriveauxg9,12345!Abcd
clodderga@jalbum.net,nheuglega,StrongPwd1!
aanyongb@aol.com,cbisgrovegb,Safe&Secure!
tfernihoughgc@adobe.com,eailwardgc,1234!Abcd
tmenigd@patch.com,aruddygd,1234!Abcd
bgehrtsge@people.com.cn,kkirbyge,Safe&Secure!
jmalenfantgf@businessweek.com,sstanwaygf,Safe&Secure!
barmfieldgg@hp.com,bpantinggg,Safe&Secure!
amcgorleygh@booking.com,enewardgh,Safe&Secure!
pelijahgi@myspace.com,narnaultgi,12345!Abcd
agustusgj@51.la,lfersongj,SecurePass1!
tgooblegk@youku.com,wbourdicegk,Password123!
dscarglegl@xinhuanet.com,gmacgillespiegl,1234!Abcd
lpetrelligm@issuu.com,ccowplandgm,SecurePass1!
lsorbeygn@ftc.gov,alednorgn,SecurePass1!
pdinsego@ibm.com,vkellartgo,12345!Abcd
bfriattgp@msn.com,aemblengp,1234!Abcd
cbuesdengq@uol.com.br,kdowdallgq,Strong@Password
adonisegr@a8.net,diacomogr,12345!Abcd
pabrahamssongs@simplemachines.org,blinnygs,Secure123!
awoofendengt@prnewswire.com,oduggetgt,Password123!
dberfootgu@unblog.fr,foraffertygu,SecurePass1!
sboutelliergv@goodreads.com,mwagggv,SecurePass1!
jperriegw@addthis.com,vedworthiegw,Password123!
igaskengx@github.io,wosbornegx,Password123!
cpettusgy@webs.com,wgerlackgy,1234!Abcd
lscrogginsgz@washington.edu,ahegdengz,Password123!
abrimblecombh0@hugedomains.com,nwhyborneh0,SecurePass1!
laldrichh1@si.edu,lrisbieh1,Safe&Secure!
dburminghamh2@behance.net,joxleyh2,P@ssw0rd!
stummondh3@washingtonpost.com,ctrahmelh3,Safe&Secure!
erothermelh4@php.net,dgosselinh4,Safe&Secure!
ffritschmannh5@over-blog.com,cdysterh5,StrongPwd1!
ayockneyh6@mapy.cz,mattyeoh6,12345!Abcd
dismeadh7@noaa.gov,dhedgeleyh7,Secure123!
fmatuskah8@creativecommons.org,astollenbergh8,P@ssw0rd!
tbrommageh9@accuweather.com,gbeausangh9,StrongPwd1!
smcmurtyrha@sphinn.com,mpikhnoha,Safe&Secure!
njillardhb@examiner.com,rdobinghb,Password123!
borhthc@shareasale.com,cantalffyhc,Safe&Secure!
lconklinghd@domainmarket.com,fbailhd,Secret@123
egayforthhe@digg.com,sgiannonihe,StrongPwd1!
pskellonhf@sogou.com,gfairhursthf,StrongPwd1!
abuyershg@census.gov,kbrickethg,Strong@Password
akensithh@sourceforge.net,asearshh,Secret@123
pthrasherhi@ning.com,trolstonhi,Secret@123
gfortyhj@psu.edu,fdiamondhj,1234!Abcd
djosefsenhk@patch.com,jtabramhk,P@ssw0rd!
lmarlehl@xinhuanet.com,nhadwenhl,1234!Abcd
djoyeshm@sciencedirect.com,cmehewhm,Strong@Password
rglassardhn@addtoany.com,nsustinshn,Password123!
pwheeltonho@umich.edu,gloudwellho,1234!Abcd
acarlislehp@flickr.com,ccleverhp,Secret@123
hlewinghq@nifty.com,kgalpinhq,Secret@123
oblickhr@pcworld.com,ifrostickhr,StrongPwd1!
lmorvillehs@cnbc.com,cvondrasekhs,12345!Abcd
hroastht@w3.org,dfassmanht,12345!Abcd
dplluhu@toplist.cz,emacgillehu,1234!Abcd
jterrazzohv@psu.edu,lyuillehv,Secret@123
mlarchierhw@biglobe.ne.jp,mbyershw,SecurePass1!
eladdlehx@domainmarket.com,hcaesmanshx,Password123!
abarracloughhy@google.co.jp,twoodfinehy,SecurePass1!
acubbinhz@wikispaces.com,cswadenhz,Strong@Password
tknewstubbi0@google.cn,wdysarti0,P@ssw0rd!
bgarrouldi1@scientificamerican.com,mrycrafti1,Secure123!
mhuggani2@tumblr.com,kohagirtiei2,StrongPwd1!
sbennisi3@google.fr,fbalsomi3,12345!Abcd
cransfieldi4@goodreads.com,cvondrysi4,P@ssw0rd!
cgregeri5@bloomberg.com,afarmari5,P@ssw0rd!
akezori6@domainmarket.com,rlathayei6,Strong@Password
ssharrardi7@toplist.cz,dhaconi7,Secure123!
mgartlandi8@multiply.com,lparadisei8,1234!Abcd
mweyi9@meetup.com,alewteyi9,Secret@123
dmorpheyia@chicagotribune.com,mhuskia,P@ssw0rd!
smaloneib@lycos.com,alarrattib,Password123!
draymontic@mlb.com,pgorgleric,StrongPwd1!
rbuddid@canalblog.com,lbuckhamid,1234!Abcd
ghadgraftie@t.co,bdodgsonie,Strong@Password
bpodsif@desdev.cn,ahaskellif,12345!Abcd
lfaraganig@chron.com,coneillig,SecurePass1!
amingerih@bloomberg.com,bpflegerih,Secret@123
amckeadyii@narod.ru,rbudgeyii,Safe&Secure!
sbingij@tumblr.com,cpountneyij,Safe&Secure!
foshielik@last.fm,eshipik,12345!Abcd
rwriteril@com.com,bburgettil,StrongPwd1!
ebonnysonim@istockphoto.com,lmcconachieim,12345!Abcd
macuttin@loc.gov,pumbersin,12345!Abcd
espinkio@fda.gov,bjowleio,Secret@123
amcgowranip@arizona.edu,lmccooleip,Secure123!
abolesworthiq@sourceforge.net,sstorkiq,1234!Abcd
pcreeboir@salon.com,hklimeckiir,P@ssw0rd!
ohaugenis@microsoft.com,ajickellsis,Strong@Password
obegganit@example.com,jcrewit,12345!Abcd
agravenoriu@usnews.com,pgundaiu,P@ssw0rd!
lstuddeardiv@4shared.com,cclohissyiv,P@ssw0rd!
wsleitiw@etsy.com,edavidoveiw,StrongPwd1!
tquakleyix@mysql.com,mlytellix,StrongPwd1!
hdentithiy@livejournal.com,alefrieciy,1234!Abcd
kpettengelliz@nps.gov,sziemensiz,P@ssw0rd!
anorvillj0@hostgator.com,beddowisj0,P@ssw0rd!
laartsenj1@altervista.org,jscaysbrookj1,Secret@123
mfromantj2@usgs.gov,ecescotij2,Secret@123
dhughsonj3@symantec.com,dgouldebyj3,12345!Abcd
twoodyerj4@parallels.com,maslenj4,Password123!
spendergastj5@pbs.org,tnormanvillj5,Secure123!
dsimonnotj6@omniture.com,mwilcinskisj6,SecurePass1!
tgormleyj7@deviantart.com,mfrostdykej7,Safe&Secure!
rtounj8@sourceforge.net,lsleej8,SecurePass1!
jpatriaj9@businessinsider.com,osertinj9,Password123!
bpeschkeja@forbes.com,kweekeja,Password123!
fstonerjb@ning.com,mrosenbergjb,Password123!
josheerinjc@nsw.gov.au,bhoulridgejc,P@ssw0rd!
eworrelljd@youtu.be,vschukraftjd,Password123!
jsaphinje@pcworld.com,gnaptinje,P@ssw0rd!
jroarkjf@issuu.com,bdearlejf,Safe&Secure!
acockaymejg@facebook.com,tcowdrayjg,Strong@Password
ljeremaesjh@nifty.com,fwisemanjh,SecurePass1!
jollerenshawji@google.ru,gstebbinji,Secure123!
afreddijj@washington.edu,bmacdavittjj,Safe&Secure!
jderrickjk@wsj.com,pbowlandjk,Secret@123
rvaladezjl@twitpic.com,cgogiejl,P@ssw0rd!
smechanjm@google.com.au,mpittwayjm,SecurePass1!
pbrizelljn@walmart.com,tblasijn,StrongPwd1!
acutajarjo@simplemachines.org,iroyanjo,Secure123!
kmarryattjp@t.co,bbodycombjp,Secure123!
aboissieuxjq@independent.co.uk,cbehningjq,P@ssw0rd!
aeriejr@lycos.com,mgarmansjr,Secret@123
dparadycejs@amazon.co.jp,cperrellejs,Secret@123
krivettjt@ucla.edu,tbahikejt,Safe&Secure!
ffludderju@bizjournals.com,xsyphusju,12345!Abcd
hvaloisjv@xinhuanet.com,ewestlakejv,P@ssw0rd!
coxherdjw@intel.com,cfishbyjw,Safe&Secure!
tneesonjx@liveinternet.ru,kcresserjx,P@ssw0rd!
jgoltonjy@51.la,svancasseljy,1234!Abcd
lmaundersjz@census.gov,fcastigliojz,1234!Abcd
epothecaryk0@smugmug.com,fkyttork0,Secret@123
hkensholek1@wufoo.com,gcolcuttk1,StrongPwd1!
bdelythk2@boston.com,dduckittk2,Secret@123
wcashmorek3@free.fr,ftennickk3,StrongPwd1!
hhufferk4@typepad.com,mmaciask4,12345!Abcd
crendbaekk5@dailymotion.com,ftearnyk5,P@ssw0rd!
ttawk6@1688.com,bgarkenk6,1234!Abcd
nmcgilroyk7@ft.com,lwenderottk7,Secure123!
cbencek8@google.com.hk,cwiburnk8,P@ssw0rd!
esangek9@163.com,kbeavisk9,Secret@123
jbrienka@adobe.com,dabsonka,Password123!
ebaglankb@free.fr,jmillionskb,Password123!
kadvanikc@utexas.edu,mpottekc,Password123!
lfilpikd@un.org,hdavenhallkd,Password123!
nparvinke@sogou.com,dgowrichke,StrongPwd1!
tleyeskf@smh.com.au,zfrugierkf,Secure123!
djennerkg@sciencedirect.com,prathmellkg,12345!Abcd
cmckeatingkh@ning.com,hbirkenheadkh,Secure123!
yopieki@usa.gov,osepeyki,P@ssw0rd!
wtatherkj@unc.edu,hattersollkj,StrongPwd1!
htregidgokk@typepad.com,adanilishinkk,P@ssw0rd!
sbrombellkl@arizona.edu,cglassborowkl,12345!Abcd
ctrevorkm@cisco.com,jdallmannkm,Secure123!
wokynsillaghekn@ycombinator.com,djubertkn,StrongPwd1!
cshelfko@jugem.jp,rmaccorkellko,Safe&Secure!
phillskp@nymag.com,apycockkp,1234!Abcd
sstilgokq@pen.io,eskunekq,SecurePass1!
eriddlerkr@elegantthemes.com,sfoottitkr,P@ssw0rd!
ldewfallks@google.com,vromaks,Secret@123
abodsworthkt@cocolog-nifty.com,dadamskikt,P@ssw0rd!
nduggonku@google.cn,sbiceku,Secure123!
hakettkv@theatlantic.com,bdefrainekv,StrongPwd1!
ebluntkw@nyu.edu,cellerkerkw,StrongPwd1!
bdukekx@etsy.com,jalfordekx,Strong@Password
mdiableky@1und1.de,lbrattanky,Secret@123
nramelotkz@nature.com,fharbarkz,Strong@Password
rlighternessl0@smh.com.au,cpeticanl0,P@ssw0rd!
jstollwerckl1@ezinearticles.com,scockertonl1,1234!Abcd
bsetterl2@webeden.co.uk,awisel2,12345!Abcd
cvalintinel3@un.org,kmazzial3,12345!Abcd
kkondratl4@aboutads.info,oborderl4,SecurePass1!
osperskil5@imgur.com,baldingtonl5,SecurePass1!
kanneyl6@ebay.com,mhackletonl6,SecurePass1!
vbredburyl7@globo.com,ymouldl7,12345!Abcd
barneckel8@zimbio.com,kmayheadl8,Safe&Secure!
kkeightleyl9@mozilla.org,dshelbornel9,Strong@Password
jnunnla@wikimedia.org,tkellerla,Secret@123
dhowselb@nymag.com,ckornilyevlb,1234!Abcd
wollierlc@indiatimes.com,wcarverlc,1234!Abcd
tbeasleyld@deviantart.com,ngreggsld,StrongPwd1!
hbignalle@goo.ne.jp,sgumnle,Secret@123
ppeppettlf@nps.gov,drewcastlelf,Safe&Secure!
hvanveldelg@scribd.com,mcallacherlg,SecurePass1!
wriccardlh@ucsd.edu,chindrichlh,Secure123!
elightfootli@pen.io,fsprossonli,StrongPwd1!
tcotterilllj@bbb.org,csalerglj,Safe&Secure!
mkobpaclk@weibo.com,thayfieldlk,Secure123!
fcattowll@eventbrite.com,relnorll,12345!Abcd
crouslm@sogou.com,lollertonlm,SecurePass1!
mwilmutln@yellowbook.com,fartharsln,P@ssw0rd!
vjakubovskilo@accuweather.com,gcustedlo,Safe&Secure!
mforrestorlp@engadget.com,ibessettlp,1234!Abcd
crefordlq@mapy.cz,rheelislq,StrongPwd1!
hblocklr@newyorker.com,lthirwelllr,Password123!
mmccandlessls@github.com,ahoustonls,1234!Abcd
bmerrisonlt@hao123.com,lfiddemanlt,12345!Abcd
sfolkerlu@fda.gov,hbloomfieldlu,StrongPwd1!
jloeberlv@friendfeed.com,kwilkielv,Secure123!
pcartmaellw@elegantthemes.com,pocodihielw,1234!Abcd
mmingaudlx@paypal.com,apallantlx,Safe&Secure!
xolenanely@cbc.ca,afugely,12345!Abcd
hwintersgilllz@tinypic.com,ktupmanlz,1234!Abcd
ekeerm0@1688.com,tfonzom0,Secret@123
svelldenm1@prweb.com,ystrachanm1,1234!Abcd
cwreakesm2@boston.com,mpieruccim2,StrongPwd1!
rcowlardm3@issuu.com,rhakerm3,Secure123!
mensorm4@prnewswire.com,mwhittenm4,Password123!
rvassiem5@miitbeian.gov.cn,dfaragherm5,Safe&Secure!
fviversm6@etsy.com,tthurstonm6,StrongPwd1!
jbardaym7@istockphoto.com,nbrydellm7,Strong@Password
jsoignem8@adobe.com,acolbornm8,StrongPwd1!
dcherrisonm9@fema.gov,shawkenm9,Secure123!
tskyrmema@weibo.com,hdrewittma,StrongPwd1!
edelahuntmb@wunderground.com,yspiresmb,1234!Abcd
tloadsmanmc@wix.com,kmcnaughtonmc,StrongPwd1!
lpegrummd@opera.com,yburchermd,Password123!
gismailme@yandex.ru,ccalbratheme,1234!Abcd
fblanchflowermf@kickstarter.com,grobioumf,Strong@Password
adebruinmg@businesswire.com,fschimonimg,Safe&Secure!
kculchethmh@archive.org,atironemh,SecurePass1!
afairbankmi@princeton.edu,wduckettmi,Secret@123
lpalekmj@webs.com,jasliemj,1234!Abcd
jbourgourmk@walmart.com,aszretermk,Strong@Password
mlotheringtonml@dailymail.co.uk,ikuschelml,Password123!
dbalammm@columbia.edu,ashelshermm,Safe&Secure!
fatchlymn@list-manage.com,ocuardallmn,StrongPwd1!
imascallmo@com.com,sgamlinmo,12345!Abcd
dteresimp@google.es,ntrehernemp,Secret@123
hlampemq@com.com,nnovillmq,StrongPwd1!
ccoffeymr@illinois.edu,fcleynemr,Strong@Password
apavlikms@pagesperso-orange.fr,dcreasyms,Secure123!
bquigmt@google.com.au,gskeechmt,SecurePass1!
tmahmoodmu@1und1.de,gravenhillsmu,Safe&Secure!
fpeskettmv@technorati.com,eroocroftmv,SecurePass1!
cnockmw@cocolog-nifty.com,osrawleymw,Strong@Password
kbonnarmx@ehow.com,jbabalolamx,Secret@123
jalcidomy@ibm.com,barondelmy,Strong@Password
ygylesmz@topsy.com,hcovenymz,StrongPwd1!
rdownn0@over-blog.com,sbarrimn0,P@ssw0rd!
cdunbletonn1@gnu.org,dpancoastn1,1234!Abcd
mbrendishn2@ibm.com,tdugoodn2,Safe&Secure!
kgimblettn3@oaic.gov.au,mweinsn3,Strong@Password
gbarnhartn4@newsvine.com,mrobertaccin4,Secure123!
kcoyishn5@bbc.co.uk,kboylann5,Strong@Password
wmarzellon6@edublogs.org,bbatchelourn6,Secure123!
bechallien7@theguardian.com,sdarwinn7,SecurePass1!
jfalksn8@jalbum.net,omarczykn8,Password123!
agristn9@accuweather.com,kdoggartn9,Safe&Secure!
cantoonsna@pinterest.com,mhyndena,Strong@Password
ewhildenb@marriott.com,dkopelmannb,Safe&Secure!
dgoomesnc@mlb.com,asebringnc,Password123!
kkeningleynd@columbia.edu,astrathdeend,Secret@123
ecasarone@cisco.com,iludgatene,Password123!
bglaspernf@ezinearticles.com,mhaughannf,P@ssw0rd!
tchestonng@dion.ne.jp,dcoltng,SecurePass1!
dgascoyennh@illinois.edu,lwhorlownh,P@ssw0rd!
kgirtonni@amazon.co.jp,mspedronini,Password123!
ofarronnj@alibaba.com,fsimeonnj,Password123!
lhouricannk@1688.com,mleilenk,Secret@123
bastnl@smh.com.au,bwillcoxnl,Strong@Password
sjennicknm@yellowpages.com,gcullinannm,1234!Abcd
gbleythinnn@purevolume.com,tmcclarynn,Secret@123
kbelvardno@mlb.com,lchastneyno,Secure123!
jtremblaynp@forbes.com,dgreenmonnp,StrongPwd1!
cdexternq@engadget.com,jmacconnellnq,StrongPwd1!
khillandnr@gravatar.com,mshellumnr,Secure123!
mhawkettns@mlb.com,kwalheddns,12345!Abcd
gpelcheurnt@ibm.com,squinnellynt,Password123!
snewmannu@behance.net,mgiffinnu,Safe&Secure!
mtrasknv@irs.gov,irosenv,Password123!
lcasinnw@yelp.com,dgrationnw,Secure123!
scassienx@posterous.com,rfredericknx,Safe&Secure!
gpidgeleyny@globo.com,ebennellickny,Strong@Password
soultramnz@icio.us,hschoolingnz,StrongPwd1!
whutchinsono0@barnesandnoble.com,ksallowso0,Strong@Password
dremero1@i2i.jp,bclouto1,Secure123!
rjeveso2@who.int,ncreagho2,StrongPwd1!
ogirardoto3@taobao.com,rowtramo3,StrongPwd1!
rschirako4@delicious.com,tgodiero4,Secret@123
jhaslumo5@upenn.edu,sbarrato5,SecurePass1!
hdefraineo6@histats.com,dbourgaizeo6,Safe&Secure!
veslingero7@acquirethisname.com,dortegao7,StrongPwd1!
zdresseo8@bbb.org,mcresero8,1234!Abcd
wkiosselo9@chronoengine.com,bsiggerso9,Safe&Secure!
rrosariooa@ftc.gov,jpaulinooa,StrongPwd1!
rmaxtedob@ibm.com,cgareisrob,StrongPwd1!
mbangeroc@scribd.com,ecranfieldoc,1234!Abcd
jfurlowod@edublogs.org,afarnyod,SecurePass1!
bcrawfordoe@census.gov,iwoodgeroe,Password123!
abanfordof@youtu.be,ddjurisicof,P@ssw0rd!
bcullinaneog@discuz.net,qmcgrayleog,12345!Abcd
rhauseoh@paginegialle.it,arisbridgeroh,Secret@123
mviolletoi@webmd.com,vtembeyoi,SecurePass1!
gklemzoj@unblog.fr,jbartolomaoj,1234!Abcd
bmingottiok@engadget.com,cleguinok,Secret@123
pperrycostol@360.cn,nbleibaumol,P@ssw0rd!
kmcewanom@qq.com,lgarrandom,12345!Abcd
pesbergeron@youtu.be,lfindlateron,Password123!
mgodneyoo@360.cn,pshutteoo,P@ssw0rd!
mgaitskillop@mayoclinic.com,fumplebyop,SecurePass1!
jwetheyoq@imgur.com,eborleyoq,Password123!
cgoskaror@dell.com,eboundeor,12345!Abcd
kmacloughlinos@cargocollective.com,ftabneros,P@ssw0rd!
bnewburyot@washingtonpost.com,agaskillot,P@ssw0rd!
fpressou@alexa.com,blystou,1234!Abcd
bbabalolaov@t.co,hcollcuttov,Secure123!
vmatessianow@mapquest.com,scassiusow,SecurePass1!
hjarmaineox@canalblog.com,ufilipputtiox,Strong@Password
cdewittoy@so-net.ne.jp,mpibworthoy,P@ssw0rd!
hturnockoz@eepurl.com,areidshawoz,Password123!
mbradtkep0@ucsd.edu,lwozencraftp0,P@ssw0rd!
jlisettp1@cpanel.net,hchattenp1,P@ssw0rd!
mmailesp2@shop-pro.jp,aflewanp2,P@ssw0rd!
jtwallinp3@elpais.com,mjelkp3,1234!Abcd
istavep4@walmart.com,rhanhardtp4,12345!Abcd
achessump5@mac.com,ecooksleyp5,Secret@123
vlintheadp6@illinois.edu,fcakep6,1234!Abcd
bpiolip7@ibm.com,sedessp7,Password123!
bkilbyp8@hp.com,hskokoep8,12345!Abcd
ddickonp9@vimeo.com,pbrayshawp9,SecurePass1!
lrosenblathpa@google.com,nmcilwrickpa,1234!Abcd
hvaladezpb@amazon.co.jp,jdeakanpb,StrongPwd1!
srosendalepc@ibm.com,ctruinpc,Secure123!
dpaskellpd@sogou.com,bnicholpd,P@ssw0rd!
fpenrithpe@wisc.edu,emurraype,Strong@Password
ecoverleypf@imageshack.us,jludwikiewiczpf,StrongPwd1!
laspelpg@symantec.com,dmackrellpg,SecurePass1!
cconquerph@yandex.ru,cmayhouph,Secret@123
gdmytrykpi@biblegateway.com,lbamlingpi,Secret@123
lbessellpj@odnoklassniki.ru,cletertrepj,Secret@123
ctremberthpk@smugmug.com,emeddingspk,Safe&Secure!
jgudgeonpl@reddit.com,nguisepl,1234!Abcd
whorwellpm@photobucket.com,jboughpm,StrongPwd1!
ckarlmannpn@canalblog.com,cbelchamberpn,Secret@123
rdodsonpo@scientificamerican.com,kcroosepo,StrongPwd1!
srontschpp@delicious.com,tjillingspp,P@ssw0rd!
ijodrellepq@rediff.com,dbeaupq,StrongPwd1!
mmerrienpr@360.cn,opellewpr,StrongPwd1!
gbowlandps@jigsy.com,kjemmisonps,SecurePass1!
rgaunterpt@over-blog.com,miwaszkiewiczpt,Secure123!
scastellanospu@tripod.com,gelcypu,Safe&Secure!
rzannipv@washingtonpost.com,cughellipv,Secure123!
drichingspw@princeton.edu,slefeaverpw,Strong@Password
lclairpx@engadget.com,gkeelinpx,Password123!
kgoodrickpy@epa.gov,rrihanekpy,Strong@Password
lcrowdsonpz@1688.com,omaccreepz,Secret@123
mchiddyq0@wikia.com,hrosenbargq0,Strong@Password
mcronkq1@about.me,eelverstoneq1,Strong@Password
ssaylesq2@google.cn,ifetherstonq2,Strong@Password
slebbernq3@hexun.com,dbreconq3,Safe&Secure!
mpoynserq4@chron.com,fmcleeseq4,SecurePass1!
opullq5@google.fr,kchesterq5,SecurePass1!
kenstenq6@google.com.br,brestieauxq6,P@ssw0rd!
istopforthq7@techcrunch.com,schestneyq7,Safe&Secure!
gparlotq8@networksolutions.com,tmartinelloq8,1234!Abcd
trenzulloq9@ifeng.com,abeldanq9,Secret@123
pgirodierqa@netscape.com,asiggsqa,Safe&Secure!
egriegqb@bigcartel.com,wrickhussqb,1234!Abcd
lpomroyqc@imageshack.us,abeardowqc,SecurePass1!
aruosqd@berkeley.edu,ccrimminsqd,Strong@Password
stomaschkeqe@facebook.com,imcrorieqe,1234!Abcd
fpechacekqf@t-online.de,cpohlqf,Password123!
sbyfieldqg@ow.ly,tmcvicarqg,SecurePass1!
cjacmardqh@prlog.org,achithamqh,1234!Abcd
jjorgeqi@utexas.edu,ctupmanqi,Safe&Secure!
cstoodaleqj@slashdot.org,bbaldettiqj,Strong@Password
tburnyateqk@lulu.com,tgarredqk,Secure123!
dnasseyql@washingtonpost.com,nbarbosaql,Secure123!
bodeeqm@dmoz.org,jbroadberryqm,Safe&Secure!
smckeggieqn@lulu.com,jillidgeqn,Safe&Secure!
mstockportqo@sfgate.com,gchengqo,1234!Abcd
jmaxstedqp@linkedin.com,dkerridgeqp,1234!Abcd
lacklandqq@yahoo.com,ryankeevqq,Strong@Password
aclarkqr@reuters.com,liversonqr,Secret@123
cwaythingqs@lycos.com,faxelbeeqs,StrongPwd1!
mraikesqt@shutterfly.com,plabeuilqt,Secure123!
fglanesterqu@shutterfly.com,rsharpleyqu,Secret@123
efindlayqv@liveinternet.ru,kgreensiteqv,Password123!
rpennickqw@oaic.gov.au,chaycoxqw,12345!Abcd
dhardwareqx@un.org,nmatuskaqx,Password123!
tlotzeqy@globo.com,vstrathernqy,Secret@123
ctapinqz@canalblog.com,vschutterqz,SecurePass1!
opolkinhornr0@apache.org,mdickier0,StrongPwd1!
dportmanr1@wikia.com,mcockranr1,Strong@Password
ddonkersleyr2@google.com.au,jlaxtonner2,Secret@123
ddsouzar3@arizona.edu,iyarringtonr3,P@ssw0rd!
afairlier4@tinyurl.com,fbearblockr4,StrongPwd1!
gmeakr5@businesswire.com,ehamprechtr5,Password123!
prestillr6@hp.com,bkarpfenr6,Secure123!
lratnager7@europa.eu,adumphryr7,Strong@Password
rsussexr8@amazon.co.uk,jkordtr8,P@ssw0rd!
cgrigoronir9@indiegogo.com,mbortolettir9,Secure123!
eperullira@mtv.com,bcoutthartra,Secret@123
jborehamrb@amazonaws.com,cbortolirb,Safe&Secure!
dtippettsrc@hhs.gov,rattewrc,12345!Abcd
oallredrd@ucla.edu,schoakerd,1234!Abcd
jmorotre@npr.org,fstodhartre,Secure123!
rvasichevrf@friendfeed.com,shayhurstrf,P@ssw0rd!
ccopcottrg@cocolog-nifty.com,abeckworthrg,1234!Abcd
cloganrh@soup.io,tcorainrh,12345!Abcd
tcomori@mozilla.com,tpenzerri,StrongPwd1!
lcorrinrj@utexas.edu,cludlomrj,SecurePass1!
ehabishawrk@sfgate.com,kfieldersrk,Password123!
dmedlandrl@list-manage.com,cvolkesrl,12345!Abcd
sduryrm@squarespace.com,jquyerm,StrongPwd1!
dkerriganrn@nifty.com,blambertonrn,Password123!
vrattryro@wiley.com,tgreenigro,Password123!
acoorp@bbc.co.uk,tmaypowderrp,Password123!
lmullyrq@eepurl.com,gelesanderrq,Password123!
vkiliusrr@umich.edu,gserjeantrr,StrongPwd1!
